{
    "fridgeAssump": {
        "energyStar": {
            "volumes": {
                "type1": 12.2,
                "type2": 17.9,
                "type3": 22.7,
                "type4": 24.6,
                "type5": 20,
                "type6": 25.4
            },
            "energyConsumption": {
                "type1": 391,
                "type2": 434,
                "type3": 513,
                "type4": 545,
                "type5": 467,
                "type6": 540
            }
        }
    },
    "cFridgeAssump": {
        "energyStar": {
            "volumes": {
                "type1": 3.3,
                "type2": 3.2,
                "type3": 4.5,
                "type4": 5.1
            },
            "energyConsumption": {
                "type1": 273,
                "type2": 341,
                "type3": 324,
                "type4": 335
            }
        }
    },
    "freezerAssump": {
        "energyStar": {
            "volumes": {
                "type1": 15.4,
                "type2": 12.4,
                "type3": 3.0,
                "type4": 5.3,
                "type5": 12.6,
                "type6": 16.9
            },
            "energyConsumption": {
                "type1": 366,
                "type2": 387,
                "type3": 460,
                "type4": 625,
                "type5": 414,
                "type6": 592
            }
        }
    },
    "roomACassumps": {
        "stateFullLoadCoolingHours":{
            "AK": 25.8,
            "AL": 1776.25,
            "AR": 1508,
            "AZ": 1485,
            "CA": 1198,
            "CO": 616,
            "CT": 819,
            "DE": 1015,
            "FL": 2985,
            "GA": 1706,
            "HI": 4598,
            "IA": 762,
            "ID": 554,
            "IL": 842,
            "IN": 906,
            "KS": 1031,
            "KY": 1141,
            "LA": 2203,
            "MA": 591,
            "MD": 1050,
            "ME": 271,
            "MI": 440,
            "MN": 420,
            "MO": 1119,
            "MS": 1727,
            "MT": 392,
            "NC": 1289,
            "ND": 457,
            "NE": 788,
            "NH": 385,
            "NJ": 920,
            "NM": 1197,
            "NV": 616,
            "NY": 620,
            "OH": 755,
            "OK": 1461,
            "OR": 350,
            "PA": 749,
            "RI": 656,
            "SC": 1713,
            "SD": 615,
            "TN": 1347,
            "TX": 2135,
            "UT": 785,
            "VA": 1179,
            "VT": 455,
            "WA": 386,
            "WI": 543,
            "WV": 795,
            "WY": 409
        }
    },
    "HouseYear":{
        "pre40":46.5,
        "40to49": 42.6,
        "50to59": 39.1,
        "60to69": 35.3,
        "70to79": 31.6,
        "80to89": 27.9,
        "90to00": 24.2,
        "present": 22
    },
    "furnYear":{
        "gas":{
            "pre60":0.6,
            "1960-1969":0.6,
            "1970-1974":0.65,
            "1975-1983":0.68,
            "1984-1987":0.68,
            "1988-1991":0.76,
            "After 1992":0.78,
            "New Unit":0.78

        },
        "oil":{
            "pre60":0.6,
            "1960-1969":0.65,
            "1970-1974":0.72,
            "1975-1983":0.75,
            "1984-1987":0.8,
            "1988-1991":0.8,
            "After 1992":0.8,
            "New Unit":0.8
        }
    },
    "lightBulbComp":{
        "40": 9,
        "60": 13,
        "75": 13,
        "100": 23,
        "150": 30,
        "29": 9,
        "43": 13,
        "53": 13,
        "72": 23
    }
}