<?xml version="1.0" encoding="utf-8"?>
<!DOCTYPE hibernate-mapping PUBLIC
        "-//Hibernate/Hibernate Mapping DTD//EN"
        "http://www.hibernate.org/dtd/hibernate-mapping-3.0.dtd">
<hibernate-mapping>
    <!--
        User schema
    -->
    <class name="com.youreffect.model.User" table="User">
        <meta attribute="class-description">
            This class contains the user detail.
        </meta>
        <id name="userId" type="string" column="user_id"  />
        <property name="username" column="username" type="string" not-null="true"/>
        <property name="email" column="email" type="string" not-null="true"/>
        <property name="password" column="password" type="string" not-null="true"/>
        <property name="secret" column="secret" type="string" not-null="true"/>
        <property name="state" column="state" type="string" not-null="true"/>
        <property name="dateRegistered" column="date_reg" type="string" not-null="true"/>
        <property name="elecRate" column="elec_rate" type="double" not-null="true"/>
        <property name="costOfGas" column="cost_of_gas" type="double" not-null="true"/>
        <property name="isAdmin" column="isAdmin" type="int" not-null="true"/>
    </class>
</hibernate-mapping>